258,494,http://192.168.100.111:4000/uploads/1770093493431-b8evdp.jpg,2026-02-03 04:38:13.743,sample-1770092550849.jpg
257,495,http://192.168.100.111:4000/uploads/1770093493406-avh661.jpg,2026-02-03 04:38:13.743,sample-1770092511703.jpg
259,493,http://192.168.100.111:4000/uploads/1770093493445-7wh0pd.jpg,2026-02-03 04:38:13.743,sample-1770092589807.jpg
260,494,http://192.168.100.111:4000/uploads/1770093493438-47cul8.png,2026-02-03 04:38:13.743,luster_map-1770092579485.png
261,494,http://192.168.100.111:4000/uploads/1770093493453-n5y5zv.png,2026-02-03 04:38:13.743,roughness_proxy-1770092579485.png
262,494,http://192.168.100.111:4000/uploads/1770093493453-g46zij.png,2026-02-03 04:38:13.743,tensile_map-1770092579485.png
263,495,http://192.168.100.111:4000/uploads/1770093493413-kdhus8.png,2026-02-03 04:38:13.743,luster_map-1770092540511.png
264,495,http://192.168.100.111:4000/uploads/1770093493426-xkgwak.png,2026-02-03 04:38:13.743,roughness_proxy-1770092540511.png
265,495,http://192.168.100.111:4000/uploads/1770093493450-y3nnzp.png,2026-02-03 04:38:13.743,tensile_map-1770092540511.png
266,493,http://192.168.100.111:4000/uploads/1770093493445-57wanl.png,2026-02-03 04:38:13.743,luster_map-1770092618658.png
267,493,http://192.168.100.111:4000/uploads/1770093493446-n5isq7.png,2026-02-03 04:38:13.743,roughness_proxy-1770092618658.png
268,493,http://192.168.100.111:4000/uploads/1770093493482-6aipi7.png,2026-02-03 04:38:13.743,tensile_map-1770092618658.png
269,496,http://192.168.100.111:4000/uploads/1770093493839-0t6t5e.jpg,2026-02-03 04:38:13.94,sample-1770092707245.jpg
270,496,http://192.168.100.111:4000/uploads/1770093493854-ycpcs8.png,2026-02-03 04:38:13.94,luster_map-1770092735813.png
271,496,http://192.168.100.111:4000/uploads/1770093493882-5evyz6.png,2026-02-03 04:38:13.94,roughness_proxy-1770092735813.png
272,496,http://192.168.100.111:4000/uploads/1770093493913-czlxbn.png,2026-02-03 04:38:13.94,tensile_map-1770092735813.png
273,497,http://192.168.100.111:4000/uploads/1770093493837-qbcmf7.jpg,2026-02-03 04:38:13.967,sample-1770092668134.jpg
274,497,http://192.168.100.111:4000/uploads/1770093493855-ssb9ut.png,2026-02-03 04:38:13.967,luster_map-1770092696909.png
275,497,http://192.168.100.111:4000/uploads/1770093493931-r5330c.png,2026-02-03 04:38:13.967,roughness_proxy-1770092696909.png
276,497,http://192.168.100.111:4000/uploads/1770093493938-99dool.png,2026-02-03 04:38:13.967,tensile_map-1770092696909.png
277,498,http://192.168.100.111:4000/uploads/1770093493832-tvbbxc.jpg,2026-02-03 04:38:13.97,sample-1770092629006.jpg
278,498,http://192.168.100.111:4000/uploads/1770093493855-fooeo9.png,2026-02-03 04:38:13.97,luster_map-1770092657813.png
279,498,http://192.168.100.111:4000/uploads/1770093493909-hnjhtv.png,2026-02-03 04:38:13.97,roughness_proxy-1770092657813.png
280,498,http://192.168.100.111:4000/uploads/1770093493939-nt7oug.png,2026-02-03 04:38:13.97,tensile_map-1770092657813.png
281,499,http://192.168.100.111:4000/uploads/1770093493974-1t249y.jpg,2026-02-03 04:38:14.032,sample-1770092746131.jpg
282,499,http://192.168.100.111:4000/uploads/1770093493981-izbd8z.png,2026-02-03 04:38:14.032,luster_map-1770092774999.png
283,499,http://192.168.100.111:4000/uploads/1770093494010-0dy9at.png,2026-02-03 04:38:14.032,roughness_proxy-1770092774999.png
284,499,http://192.168.100.111:4000/uploads/1770093494011-3konfa.png,2026-02-03 04:38:14.032,tensile_map-1770092774999.png
285,500,http://192.168.100.111:4000/uploads/1770093494027-2h6pz3.jpg,2026-02-03 04:38:14.183,sample-1770092785347.jpg
286,500,http://192.168.100.111:4000/uploads/1770093494034-27v7ut.png,2026-02-03 04:38:14.183,luster_map-1770092814021.png
287,500,http://192.168.100.111:4000/uploads/1770093494107-a9kuj9.png,2026-02-03 04:38:14.183,roughness_proxy-1770092814021.png
288,500,http://192.168.100.111:4000/uploads/1770093494175-o7e99j.png,2026-02-03 04:38:14.183,tensile_map-1770092814021.png
289,501,http://192.168.100.111:4000/uploads/1770093494029-kcf9xa.jpg,2026-02-03 04:38:14.198,sample-1770092824341.jpg
290,501,http://192.168.100.111:4000/uploads/1770093494043-82eaet.png,2026-02-03 04:38:14.198,luster_map-1770092853165.png
291,501,http://192.168.100.111:4000/uploads/1770093494173-1533i1.png,2026-02-03 04:38:14.198,roughness_proxy-1770092853165.png
292,501,http://192.168.100.111:4000/uploads/1770093494174-8uqndg.png,2026-02-03 04:38:14.198,tensile_map-1770092853165.png
293,502,http://192.168.100.111:4000/uploads/1770093494107-zrcjpl.jpg,2026-02-03 04:38:14.202,sample-1770092863480.jpg
294,502,http://192.168.100.111:4000/uploads/1770093494120-h3e2an.png,2026-02-03 04:38:14.202,luster_map-1770092892388.png
295,502,http://192.168.100.111:4000/uploads/1770093494184-qgoa6r.png,2026-02-03 04:38:14.202,roughness_proxy-1770092892388.png
296,502,http://192.168.100.111:4000/uploads/1770093494192-pgrp73.png,2026-02-03 04:38:14.202,tensile_map-1770092892388.png
297,503,http://192.168.100.111:4000/uploads/1770093494205-zpdjv1.jpg,2026-02-03 04:38:14.278,sample-1770092902707.jpg
298,503,http://192.168.100.111:4000/uploads/1770093494210-7s15ab.png,2026-02-03 04:38:14.278,luster_map-1770092931403.png
299,503,http://192.168.100.111:4000/uploads/1770093494231-5cz3zm.png,2026-02-03 04:38:14.278,roughness_proxy-1770092931403.png
300,503,http://192.168.100.111:4000/uploads/1770093494232-a9dst3.png,2026-02-03 04:38:14.278,tensile_map-1770092931403.png
301,504,http://192.168.100.111:4000/uploads/1770093494234-0mclco.jpg,2026-02-03 04:38:14.292,sample-1770092941708.jpg
302,504,http://192.168.100.111:4000/uploads/1770093494244-3calec.png,2026-02-03 04:38:14.292,luster_map-1770092970428.png
303,504,http://192.168.100.111:4000/uploads/1770093494265-z7wvc7.png,2026-02-03 04:38:14.292,roughness_proxy-1770092970428.png
304,504,http://192.168.100.111:4000/uploads/1770093494275-f2p1kr.png,2026-02-03 04:38:14.292,tensile_map-1770092970428.png
305,505,http://192.168.100.111:4000/uploads/1770093494239-va37r1.jpg,2026-02-03 04:38:14.31,sample-1770092980738.jpg
306,505,http://192.168.100.111:4000/uploads/1770093494256-2zl2ms.png,2026-02-03 04:38:14.31,luster_map-1770093009646.png
307,505,http://192.168.100.111:4000/uploads/1770093494292-ayor3j.png,2026-02-03 04:38:14.31,roughness_proxy-1770093009646.png
308,505,http://192.168.100.111:4000/uploads/1770093494295-39szmy.png,2026-02-03 04:38:14.31,tensile_map-1770093009646.png
309,506,http://192.168.100.111:4000/uploads/1770093494328-ewyjgg.jpg,2026-02-03 04:38:14.379,sample-1770093059002.jpg
310,506,http://192.168.100.111:4000/uploads/1770093494330-06icmf.png,2026-02-03 04:38:14.379,luster_map-1770093087801.png
311,506,http://192.168.100.111:4000/uploads/1770093494343-t8qucu.png,2026-02-03 04:38:14.379,roughness_proxy-1770093087801.png
312,506,http://192.168.100.111:4000/uploads/1770093494367-3akdoj.png,2026-02-03 04:38:14.379,tensile_map-1770093087801.png
313,507,http://192.168.100.111:4000/uploads/1770093494306-d2s6ym.jpg,2026-02-03 04:38:14.433,sample-1770093019962.jpg
314,507,http://192.168.100.111:4000/uploads/1770093494310-vpj0xr.png,2026-02-03 04:38:14.433,luster_map-1770093048687.png
315,507,http://192.168.100.111:4000/uploads/1770093494388-iuit4s.png,2026-02-03 04:38:14.433,roughness_proxy-1770093048687.png
316,507,http://192.168.100.111:4000/uploads/1770093494396-oceh5z.png,2026-02-03 04:38:14.433,tensile_map-1770093048687.png
317,508,http://192.168.100.111:4000/uploads/1770093494376-qqs0lm.jpg,2026-02-03 04:38:14.448,sample-1770093098128.jpg
318,508,http://192.168.100.111:4000/uploads/1770093494383-oj7eeu.png,2026-02-03 04:38:14.448,luster_map-1770093126854.png
319,508,http://192.168.100.111:4000/uploads/1770093494403-3dk5xe.png,2026-02-03 04:38:14.448,roughness_proxy-1770093126854.png
320,508,http://192.168.100.111:4000/uploads/1770093494430-qwkolm.png,2026-02-03 04:38:14.448,tensile_map-1770093126854.png
321,509,http://192.168.100.111:4000/uploads/1770093494434-dpt1rl.jpg,2026-02-03 04:38:14.544,sample-1770093137167.jpg
322,509,http://192.168.100.111:4000/uploads/1770093494438-qec00a.png,2026-02-03 04:38:14.544,luster_map-1770093165867.png
323,509,http://192.168.100.111:4000/uploads/1770093494513-44d60y.png,2026-02-03 04:38:14.544,roughness_proxy-1770093165867.png
324,509,http://192.168.100.111:4000/uploads/1770093494517-x6mmhd.png,2026-02-03 04:38:14.544,tensile_map-1770093165867.png
325,510,http://192.168.100.111:4000/uploads/1770093494541-e7l4lb.jpg,2026-02-03 04:38:14.647,sample-1770093215260.jpg
326,510,http://192.168.100.111:4000/uploads/1770093494547-7sazrf.png,2026-02-03 04:38:14.647,luster_map-1770093243830.png
327,510,http://192.168.100.111:4000/uploads/1770093494562-sdd1x8.png,2026-02-03 04:38:14.647,roughness_proxy-1770093243830.png
328,510,http://192.168.100.111:4000/uploads/1770093494591-kfe5qu.png,2026-02-03 04:38:14.647,tensile_map-1770093243830.png
333,512,http://192.168.100.111:4000/uploads/1770093494587-cgxqkg.jpg,2026-02-03 04:38:14.67,sample-1770093254145.jpg
334,512,http://192.168.100.111:4000/uploads/1770093494598-6xbq23.png,2026-02-03 04:38:14.67,luster_map-1770093283048.png
335,512,http://192.168.100.111:4000/uploads/1770093494651-y86hle.png,2026-02-03 04:38:14.67,roughness_proxy-1770093283048.png
336,512,http://192.168.100.111:4000/uploads/1770093494656-gro0mt.png,2026-02-03 04:38:14.67,tensile_map-1770093283048.png
337,513,http://192.168.100.111:4000/uploads/1770093494709-ilwuh7.jpg,2026-02-03 04:38:14.843,sample-1770093371285.jpg
338,513,http://192.168.100.111:4000/uploads/1770093494723-21mq30.png,2026-02-03 04:38:14.843,luster_map-1770093400087.png
339,513,http://192.168.100.111:4000/uploads/1770093494780-iqtptn.png,2026-02-03 04:38:14.843,roughness_proxy-1770093400087.png
340,513,http://192.168.100.111:4000/uploads/1770093494799-zun89v.png,2026-02-03 04:38:14.843,tensile_map-1770093400087.png
353,517,http://192.168.100.111:4000/uploads/1770093494876-q0q8b5.jpg,2026-02-03 04:38:15.044,sample-1770093410414.jpg
354,517,http://192.168.100.111:4000/uploads/1770093494923-i1903f.png,2026-02-03 04:38:15.044,luster_map-1770093439220.png
355,517,http://192.168.100.111:4000/uploads/1770093495033-mhokoy.png,2026-02-03 04:38:15.044,roughness_proxy-1770093439220.png
356,517,http://192.168.100.111:4000/uploads/1770093495034-r9f1u1.png,2026-02-03 04:38:15.044,tensile_map-1770093439220.png
329,511,http://192.168.100.111:4000/uploads/1770093494538-h7o4we.jpg,2026-02-03 04:38:14.656,sample-1770093176180.jpg
330,511,http://192.168.100.111:4000/uploads/1770093494557-5s6v0i.png,2026-02-03 04:38:14.656,luster_map-1770093204925.png
331,511,http://192.168.100.111:4000/uploads/1770093494596-ok87s5.png,2026-02-03 04:38:14.656,roughness_proxy-1770093204925.png
332,511,http://192.168.100.111:4000/uploads/1770093494610-o0e65e.png,2026-02-03 04:38:14.656,tensile_map-1770093204925.png
341,514,http://192.168.100.111:4000/uploads/1770093494676-2e2jxf.jpg,2026-02-03 04:38:14.85,sample-1770093293391.jpg
342,514,http://192.168.100.111:4000/uploads/1770093494693-to3vmh.png,2026-02-03 04:38:14.85,luster_map-1770093322120.png
343,514,http://192.168.100.111:4000/uploads/1770093494786-u2lp57.png,2026-02-03 04:38:14.85,roughness_proxy-1770093322120.png
344,514,http://192.168.100.111:4000/uploads/1770093494797-nrptmd.png,2026-02-03 04:38:14.85,tensile_map-1770093322120.png
345,515,http://192.168.100.111:4000/uploads/1770093494693-gmjynz.jpg,2026-02-03 04:38:14.874,sample-1770093332459.jpg
346,515,http://192.168.100.111:4000/uploads/1770093494701-t4vpgo.png,2026-02-03 04:38:14.874,luster_map-1770093360967.png
347,515,http://192.168.100.111:4000/uploads/1770093494805-q7no5m.png,2026-02-03 04:38:14.874,roughness_proxy-1770093360967.png
348,515,http://192.168.100.111:4000/uploads/1770093494858-c50z12.png,2026-02-03 04:38:14.874,tensile_map-1770093360967.png
349,516,http://192.168.100.111:4000/uploads/1770093494876-firr2l.jpg,2026-02-03 04:38:15.039,sample-1770093449532.jpg
350,516,http://192.168.100.111:4000/uploads/1770093494923-31rznt.png,2026-02-03 04:38:15.039,luster_map-1770093478179.png
351,516,http://192.168.100.111:4000/uploads/1770093495027-d8c8u7.png,2026-02-03 04:38:15.039,roughness_proxy-1770093478179.png
352,516,http://192.168.100.111:4000/uploads/1770093495027-188bb0.png,2026-02-03 04:38:15.039,tensile_map-1770093478179.png
358,520,http://192.168.100.111:4000/uploads/1770097962482-6pnh5r.jpg,2026-02-03 05:52:42.654,sample-1770095781907.jpg
359,518,http://192.168.100.111:4000/uploads/1770097962484-2pps7j.jpg,2026-02-03 05:52:42.657,sample-1770095859983.jpg
357,519,http://192.168.100.111:4000/uploads/1770097962473-f5yo3a.jpg,2026-02-03 05:52:42.653,sample-1770095820943.jpg
360,519,http://192.168.100.111:4000/uploads/1770097962480-vykvox.png,2026-02-03 05:52:42.653,luster_map-1770095849665.png
361,518,http://192.168.100.111:4000/uploads/1770097962502-6odjdm.png,2026-02-03 05:52:42.657,luster_map-1770095888767.png
362,518,http://192.168.100.111:4000/uploads/1770097962545-v5scsi.png,2026-02-03 05:52:42.657,roughness_proxy-1770095888767.png
363,518,http://192.168.100.111:4000/uploads/1770097962584-4rphe1.png,2026-02-03 05:52:42.657,tensile_map-1770095888767.png
365,519,http://192.168.100.111:4000/uploads/1770097962530-bttu8x.png,2026-02-03 05:52:42.653,roughness_proxy-1770095849665.png
366,519,http://192.168.100.111:4000/uploads/1770097962531-qx833g.png,2026-02-03 05:52:42.653,tensile_map-1770095849665.png
364,520,http://192.168.100.111:4000/uploads/1770097962501-lyc8l6.png,2026-02-03 05:52:42.654,luster_map-1770095810598.png
367,520,http://192.168.100.111:4000/uploads/1770097962570-5b3ozu.png,2026-02-03 05:52:42.654,roughness_proxy-1770095810598.png
368,520,http://192.168.100.111:4000/uploads/1770097962572-zar9ay.png,2026-02-03 05:52:42.654,tensile_map-1770095810598.png
369,521,http://192.168.100.111:4000/uploads/1770097962732-8gmea9.jpg,2026-02-03 05:52:42.805,sample-1770095938281.jpg
370,521,http://192.168.100.111:4000/uploads/1770097962747-o3kfsg.png,2026-02-03 05:52:42.805,luster_map-1770095966978.png
371,521,http://192.168.100.111:4000/uploads/1770097962783-k9c768.png,2026-02-03 05:52:42.805,roughness_proxy-1770095966978.png
372,521,http://192.168.100.111:4000/uploads/1770097962783-i94z0o.png,2026-02-03 05:52:42.805,tensile_map-1770095966978.png
373,522,http://192.168.100.111:4000/uploads/1770097962736-ltrtqa.jpg,2026-02-03 05:52:42.822,sample-1770095977292.jpg
374,522,http://192.168.100.111:4000/uploads/1770097962753-deeujm.png,2026-02-03 05:52:42.822,luster_map-1770096006025.png
375,522,http://192.168.100.111:4000/uploads/1770097962802-bf3r3x.png,2026-02-03 05:52:42.822,roughness_proxy-1770096006025.png
376,522,http://192.168.100.111:4000/uploads/1770097962802-0mt7tt.png,2026-02-03 05:52:42.822,tensile_map-1770096006025.png
377,523,http://192.168.100.111:4000/uploads/1770097962728-2csnwn.jpg,2026-02-03 05:52:42.831,sample-1770095899091.jpg
378,523,http://192.168.100.111:4000/uploads/1770097962738-0vjj8d.png,2026-02-03 05:52:42.831,luster_map-1770095927964.png
379,523,http://192.168.100.111:4000/uploads/1770097962786-8u10ph.png,2026-02-03 05:52:42.831,roughness_proxy-1770095927964.png
380,523,http://192.168.100.111:4000/uploads/1770097962811-09vx48.png,2026-02-03 05:52:42.831,tensile_map-1770095927964.png
381,524,http://192.168.100.111:4000/uploads/1770097962832-a9s5zb.jpg,2026-02-03 05:52:42.908,sample-1770096016367.jpg
382,524,http://192.168.100.111:4000/uploads/1770097962840-u4p4no.png,2026-02-03 05:52:42.908,luster_map-1770096045136.png
383,524,http://192.168.100.111:4000/uploads/1770097962894-xwyapk.png,2026-02-03 05:52:42.908,roughness_proxy-1770096045136.png
384,524,http://192.168.100.111:4000/uploads/1770097962900-kwmd8v.png,2026-02-03 05:52:42.908,tensile_map-1770096045136.png
385,525,http://192.168.100.111:4000/uploads/1770097962863-ofacl6.jpg,2026-02-03 05:52:42.938,sample-1770096094439.jpg
386,525,http://192.168.100.111:4000/uploads/1770097962881-l4r835.png,2026-02-03 05:52:42.938,luster_map-1770096123060.png
387,525,http://192.168.100.111:4000/uploads/1770097962909-qes7co.png,2026-02-03 05:52:42.938,roughness_proxy-1770096123060.png
388,525,http://192.168.100.111:4000/uploads/1770097962927-6onuu1.png,2026-02-03 05:52:42.938,tensile_map-1770096123060.png
389,526,http://192.168.100.111:4000/uploads/1770097962859-xx0qab.jpg,2026-02-03 05:52:42.943,sample-1770096055447.jpg
390,526,http://192.168.100.111:4000/uploads/1770097962866-f91hl5.png,2026-02-03 05:52:42.943,luster_map-1770096084124.png
391,526,http://192.168.100.111:4000/uploads/1770097962899-zoj0co.png,2026-02-03 05:52:42.943,roughness_proxy-1770096084124.png
392,526,http://192.168.100.111:4000/uploads/1770097962918-tym3fp.png,2026-02-03 05:52:42.943,tensile_map-1770096084124.png
393,527,http://192.168.100.111:4000/uploads/1770097962941-f6swe7.jpg,2026-02-03 05:52:43.015,sample-1770096133396.jpg
394,527,http://192.168.100.111:4000/uploads/1770097962944-n3mz7k.png,2026-02-03 05:52:43.015,luster_map-1770096162090.png
395,527,http://192.168.100.111:4000/uploads/1770097962962-wt2rn0.png,2026-02-03 05:52:43.015,roughness_proxy-1770096162090.png
396,527,http://192.168.100.111:4000/uploads/1770097962984-2f2r1h.png,2026-02-03 05:52:43.015,tensile_map-1770096162090.png
397,528,http://192.168.100.111:4000/uploads/1770097962972-aeb3xw.jpg,2026-02-03 05:52:43.016,sample-1770096172412.jpg
398,528,http://192.168.100.111:4000/uploads/1770097962978-kxrz23.png,2026-02-03 05:52:43.016,luster_map-1770096201030.png
399,528,http://192.168.100.111:4000/uploads/1770097962989-5l68sd.png,2026-02-03 05:52:43.016,roughness_proxy-1770096201030.png
400,528,http://192.168.100.111:4000/uploads/1770097963009-li4spi.png,2026-02-03 05:52:43.016,tensile_map-1770096201030.png
401,529,http://192.168.100.111:4000/uploads/1770097963009-4rcv02.jpg,2026-02-03 05:52:43.121,sample-1770096211347.jpg
402,529,http://192.168.100.111:4000/uploads/1770097963012-5cdpxl.png,2026-02-03 05:52:43.121,luster_map-1770096240073.png
403,529,http://192.168.100.111:4000/uploads/1770097963072-hlh2nv.png,2026-02-03 05:52:43.121,roughness_proxy-1770096240073.png
404,529,http://192.168.100.111:4000/uploads/1770097963073-y24u09.png,2026-02-03 05:52:43.121,tensile_map-1770096240073.png
405,530,http://192.168.100.111:4000/uploads/1770097963086-u6y6q1.jpg,2026-02-03 05:52:43.161,sample-1770096250390.jpg
406,530,http://192.168.100.111:4000/uploads/1770097963097-rnoxod.png,2026-02-03 05:52:43.161,luster_map-1770096278929.png
407,530,http://192.168.100.111:4000/uploads/1770097963117-5f6xoc.png,2026-02-03 05:52:43.161,roughness_proxy-1770096278929.png
408,530,http://192.168.100.111:4000/uploads/1770097963145-vfgzv2.png,2026-02-03 05:52:43.161,tensile_map-1770096278929.png
409,531,http://192.168.100.111:4000/uploads/1770097963085-ckq3bt.jpg,2026-02-03 05:52:43.192,sample-1770096289243.jpg
410,531,http://192.168.100.111:4000/uploads/1770097963093-65ijq1.png,2026-02-03 05:52:43.192,luster_map-1770096317964.png
411,531,http://192.168.100.111:4000/uploads/1770097963121-79pdi6.png,2026-02-03 05:52:43.192,roughness_proxy-1770096317964.png
412,531,http://192.168.100.111:4000/uploads/1770097963157-920mom.png,2026-02-03 05:52:43.192,tensile_map-1770096317964.png
429,536,http://192.168.100.111:4000/uploads/1770097963265-nrkr52.jpg,2026-02-03 05:52:43.317,sample-1770096484151.jpg
430,536,http://192.168.100.111:4000/uploads/1770097963267-1hfktz.png,2026-02-03 05:52:43.317,luster_map-1770096512815.png
431,536,http://192.168.100.111:4000/uploads/1770097963302-fd3mw9.png,2026-02-03 05:52:43.317,roughness_proxy-1770096512815.png
432,536,http://192.168.100.111:4000/uploads/1770097963310-vzpyp5.png,2026-02-03 05:52:43.317,tensile_map-1770096512815.png
433,537,http://192.168.100.111:4000/uploads/1770097963323-bg56lh.jpg,2026-02-03 05:52:43.415,sample-1770096523133.jpg
434,537,http://192.168.100.111:4000/uploads/1770097963325-94d6dd.png,2026-02-03 05:52:43.415,luster_map-1770096551772.png
435,537,http://192.168.100.111:4000/uploads/1770097963357-9mwxv4.png,2026-02-03 05:52:43.415,roughness_proxy-1770096551772.png
436,537,http://192.168.100.111:4000/uploads/1770097963395-34naxb.png,2026-02-03 05:52:43.415,tensile_map-1770096551772.png
469,546,http://192.168.100.111:4000/uploads/1770097963616-nfloh4.jpg,2026-02-03 05:52:43.685,sample-1770096912477.jpg
470,546,http://192.168.100.111:4000/uploads/1770097963621-oc9d6y.png,2026-02-03 05:52:43.685,luster_map-1770096941179.png
471,546,http://192.168.100.111:4000/uploads/1770097963647-s82vls.png,2026-02-03 05:52:43.685,roughness_proxy-1770096941179.png
472,546,http://192.168.100.111:4000/uploads/1770097963674-0a33tl.png,2026-02-03 05:52:43.685,tensile_map-1770096941179.png
473,547,http://192.168.100.111:4000/uploads/1770097963677-xgb3ee.jpg,2026-02-03 05:52:43.757,sample-1770096951516.jpg
474,547,http://192.168.100.111:4000/uploads/1770097963681-wks3p1.png,2026-02-03 05:52:43.757,luster_map-1770096980337.png
475,547,http://192.168.100.111:4000/uploads/1770097963701-jfibzq.png,2026-02-03 05:52:43.757,roughness_proxy-1770096980337.png
476,547,http://192.168.100.111:4000/uploads/1770097963715-f6nqh0.png,2026-02-03 05:52:43.757,tensile_map-1770096980337.png
477,548,http://192.168.100.111:4000/uploads/1770097963717-r01dok.jpg,2026-02-03 05:52:43.819,sample-1770096990660.jpg
478,548,http://192.168.100.111:4000/uploads/1770097963733-1isnf7.png,2026-02-03 05:52:43.819,luster_map-1770097019192.png
479,548,http://192.168.100.111:4000/uploads/1770097963758-yww4r7.png,2026-02-03 05:52:43.819,roughness_proxy-1770097019192.png
480,548,http://192.168.100.111:4000/uploads/1770097963784-f11f5i.png,2026-02-03 05:52:43.819,tensile_map-1770097019192.png
493,552,http://192.168.100.111:4000/uploads/1770097963877-yy4z0p.jpg,2026-02-03 05:52:43.963,sample-1770097187673.jpg
494,552,http://192.168.100.111:4000/uploads/1770097963886-b3utee.png,2026-02-03 05:52:43.963,luster_map-1770097216492.png
495,552,http://192.168.100.111:4000/uploads/1770097963935-2vpkit.png,2026-02-03 05:52:43.963,roughness_proxy-1770097216492.png
496,552,http://192.168.100.111:4000/uploads/1770097963935-j2m17o.png,2026-02-03 05:52:43.963,tensile_map-1770097216492.png
521,559,http://192.168.100.111:4000/uploads/1770097964140-vbynhi.jpg,2026-02-03 05:52:44.261,sample-1770097383156.jpg
522,559,http://192.168.100.111:4000/uploads/1770097964149-vel13h.png,2026-02-03 05:52:44.261,luster_map-1770097411901.png
523,559,http://192.168.100.111:4000/uploads/1770097964212-0ebtlx.png,2026-02-03 05:52:44.261,roughness_proxy-1770097411901.png
524,559,http://192.168.100.111:4000/uploads/1770097964230-7z5aa1.png,2026-02-03 05:52:44.261,tensile_map-1770097411901.png
525,560,http://192.168.100.111:4000/uploads/1770097964204-8nw69g.jpg,2026-02-03 05:52:44.287,sample-1770097461330.jpg
526,560,http://192.168.100.111:4000/uploads/1770097964222-gsjtwo.png,2026-02-03 05:52:44.287,luster_map-1770097490120.png
527,560,http://192.168.100.111:4000/uploads/1770097964259-q7dxv3.png,2026-02-03 05:52:44.287,roughness_proxy-1770097490120.png
528,560,http://192.168.100.111:4000/uploads/1770097964261-5g7fxg.png,2026-02-03 05:52:44.287,tensile_map-1770097490120.png
529,561,http://192.168.100.111:4000/uploads/1770097964287-eh5gyc.jpg,2026-02-03 05:52:44.398,sample-1770097539514.jpg
530,561,http://192.168.100.111:4000/uploads/1770097964301-fm1h42.png,2026-02-03 05:52:44.398,luster_map-1770097568255.png
531,561,http://192.168.100.111:4000/uploads/1770097964347-izwykk.png,2026-02-03 05:52:44.398,roughness_proxy-1770097568255.png
532,561,http://192.168.100.111:4000/uploads/1770097964363-uwg4i0.png,2026-02-03 05:52:44.398,tensile_map-1770097568255.png
537,563,http://192.168.100.111:4000/uploads/1770097964330-iieij7.jpg,2026-02-03 05:52:44.442,sample-1770097578569.jpg
538,563,http://192.168.100.111:4000/uploads/1770097964345-cegc4v.png,2026-02-03 05:52:44.442,luster_map-1770097607357.png
539,563,http://192.168.100.111:4000/uploads/1770097964407-bcxzjn.png,2026-02-03 05:52:44.442,roughness_proxy-1770097607357.png
540,563,http://192.168.100.111:4000/uploads/1770097964412-75bbvi.png,2026-02-03 05:52:44.442,tensile_map-1770097607357.png
541,564,http://192.168.100.111:4000/uploads/1770097964440-tlgsk6.jpg,2026-02-03 05:52:44.523,sample-1770097617698.jpg
542,564,http://192.168.100.111:4000/uploads/1770097964451-vznuf5.png,2026-02-03 05:52:44.523,luster_map-1770097646487.png
413,532,http://192.168.100.111:4000/uploads/1770097963159-q3a2lo.jpg,2026-02-03 05:52:43.201,sample-1770096328281.jpg
414,532,http://192.168.100.111:4000/uploads/1770097963161-82hukr.png,2026-02-03 05:52:43.201,luster_map-1770096356915.png
415,532,http://192.168.100.111:4000/uploads/1770097963191-1co4g7.png,2026-02-03 05:52:43.201,roughness_proxy-1770096356915.png
416,532,http://192.168.100.111:4000/uploads/1770097963191-mdnq6x.png,2026-02-03 05:52:43.201,tensile_map-1770096356915.png
417,533,http://192.168.100.111:4000/uploads/1770097963192-kh9avk.jpg,2026-02-03 05:52:43.227,sample-1770096367227.jpg
418,533,http://192.168.100.111:4000/uploads/1770097963198-g4vn6m.png,2026-02-03 05:52:43.227,luster_map-1770096395780.png
419,533,http://192.168.100.111:4000/uploads/1770097963209-hb4cco.png,2026-02-03 05:52:43.227,roughness_proxy-1770096395780.png
420,533,http://192.168.100.111:4000/uploads/1770097963220-vq1i4w.png,2026-02-03 05:52:43.227,tensile_map-1770096395780.png
421,534,http://192.168.100.111:4000/uploads/1770097963221-cn9gtn.jpg,2026-02-03 05:52:43.296,sample-1770096406096.jpg
422,534,http://192.168.100.111:4000/uploads/1770097963227-cbm211.png,2026-02-03 05:52:43.296,luster_map-1770096434788.png
423,534,http://192.168.100.111:4000/uploads/1770097963256-mbpxgd.png,2026-02-03 05:52:43.296,roughness_proxy-1770096434788.png
424,534,http://192.168.100.111:4000/uploads/1770097963278-gsabo3.png,2026-02-03 05:52:43.296,tensile_map-1770096434788.png
425,535,http://192.168.100.111:4000/uploads/1770097963235-uwcnx8.jpg,2026-02-03 05:52:43.309,sample-1770096445103.jpg
426,535,http://192.168.100.111:4000/uploads/1770097963238-fgy7oq.png,2026-02-03 05:52:43.309,luster_map-1770096473833.png
427,535,http://192.168.100.111:4000/uploads/1770097963259-142yf7.png,2026-02-03 05:52:43.309,roughness_proxy-1770096473833.png
428,535,http://192.168.100.111:4000/uploads/1770097963304-grv8z5.png,2026-02-03 05:52:43.309,tensile_map-1770096473833.png
437,538,http://192.168.100.111:4000/uploads/1770097963333-j0zml4.jpg,2026-02-03 05:52:43.416,sample-1770096562095.jpg
438,538,http://192.168.100.111:4000/uploads/1770097963335-3wy476.png,2026-02-03 05:52:43.416,luster_map-1770096590875.png
439,538,http://192.168.100.111:4000/uploads/1770097963378-kerhnu.png,2026-02-03 05:52:43.416,roughness_proxy-1770096590875.png
440,538,http://192.168.100.111:4000/uploads/1770097963398-hux2yu.png,2026-02-03 05:52:43.416,tensile_map-1770096590875.png
441,539,http://192.168.100.111:4000/uploads/1770097963372-fbyb8t.jpg,2026-02-03 05:52:43.428,sample-1770096601190.jpg
442,539,http://192.168.100.111:4000/uploads/1770097963373-tsse4d.png,2026-02-03 05:52:43.428,luster_map-1770096629891.png
443,539,http://192.168.100.111:4000/uploads/1770097963413-5ju3ro.png,2026-02-03 05:52:43.428,roughness_proxy-1770096629891.png
444,539,http://192.168.100.111:4000/uploads/1770097963422-2nto4l.png,2026-02-03 05:52:43.428,tensile_map-1770096629891.png
445,540,http://192.168.100.111:4000/uploads/1770097963438-yprzdy.jpg,2026-02-03 05:52:43.494,sample-1770096640206.jpg
446,540,http://192.168.100.111:4000/uploads/1770097963444-lnhahh.png,2026-02-03 05:52:43.494,luster_map-1770096668920.png
447,540,http://192.168.100.111:4000/uploads/1770097963471-o2r816.png,2026-02-03 05:52:43.494,roughness_proxy-1770096668920.png
448,540,http://192.168.100.111:4000/uploads/1770097963488-l6aylt.png,2026-02-03 05:52:43.494,tensile_map-1770096668920.png
449,541,http://192.168.100.111:4000/uploads/1770097963441-2xofv1.jpg,2026-02-03 05:52:43.522,sample-1770096679234.jpg
450,541,http://192.168.100.111:4000/uploads/1770097963445-epyctt.png,2026-02-03 05:52:43.522,luster_map-1770096707812.png
451,541,http://192.168.100.111:4000/uploads/1770097963478-mydqf5.png,2026-02-03 05:52:43.522,roughness_proxy-1770096707812.png
452,541,http://192.168.100.111:4000/uploads/1770097963514-yx0r1r.png,2026-02-03 05:52:43.522,tensile_map-1770096707812.png
453,542,http://192.168.100.111:4000/uploads/1770097963489-mql49m.jpg,2026-02-03 05:52:43.55,sample-1770096718121.jpg
454,542,http://192.168.100.111:4000/uploads/1770097963494-vatxpc.png,2026-02-03 05:52:43.55,luster_map-1770096746857.png
455,542,http://192.168.100.111:4000/uploads/1770097963514-129rmw.png,2026-02-03 05:52:43.55,roughness_proxy-1770096746857.png
456,542,http://192.168.100.111:4000/uploads/1770097963538-ml0t05.png,2026-02-03 05:52:43.55,tensile_map-1770096746857.png
457,543,http://192.168.100.111:4000/uploads/1770097963520-faj11d.jpg,2026-02-03 05:52:43.573,sample-1770096757175.jpg
458,543,http://192.168.100.111:4000/uploads/1770097963523-4wskd6.png,2026-02-03 05:52:43.573,luster_map-1770096785844.png
459,543,http://192.168.100.111:4000/uploads/1770097963540-3lfxqc.png,2026-02-03 05:52:43.573,roughness_proxy-1770096785844.png
460,543,http://192.168.100.111:4000/uploads/1770097963549-us3sts.png,2026-02-03 05:52:43.573,tensile_map-1770096785844.png
461,544,http://192.168.100.111:4000/uploads/1770097963573-ni659h.jpg,2026-02-03 05:52:43.624,sample-1770096873549.jpg
462,544,http://192.168.100.111:4000/uploads/1770097963575-wbq2w9.png,2026-02-03 05:52:43.624,luster_map-1770096902172.png
463,544,http://192.168.100.111:4000/uploads/1770097963602-kmaxg5.png,2026-02-03 05:52:43.624,roughness_proxy-1770096902172.png
464,544,http://192.168.100.111:4000/uploads/1770097963614-zu8n76.png,2026-02-03 05:52:43.624,tensile_map-1770096902172.png
465,545,http://192.168.100.111:4000/uploads/1770097963552-6b8g54.jpg,2026-02-03 05:52:43.673,sample-1770096796170.jpg
466,545,http://192.168.100.111:4000/uploads/1770097963556-htv14u.png,2026-02-03 05:52:43.673,luster_map-1770096824812.png
467,545,http://192.168.100.111:4000/uploads/1770097963595-gbq6xv.png,2026-02-03 05:52:43.673,roughness_proxy-1770096824812.png
468,545,http://192.168.100.111:4000/uploads/1770097963616-q5bg4l.png,2026-02-03 05:52:43.673,tensile_map-1770096824812.png
481,549,http://192.168.100.111:4000/uploads/1770097963752-jfhai1.jpg,2026-02-03 05:52:43.822,sample-1770097029503.jpg
482,549,http://192.168.100.111:4000/uploads/1770097963756-woyzal.png,2026-02-03 05:52:43.822,luster_map-1770097058127.png
483,549,http://192.168.100.111:4000/uploads/1770097963779-2kwz0p.png,2026-02-03 05:52:43.822,roughness_proxy-1770097058127.png
484,549,http://192.168.100.111:4000/uploads/1770097963803-6i1jp9.png,2026-02-03 05:52:43.822,tensile_map-1770097058127.png
485,550,http://192.168.100.111:4000/uploads/1770097963791-qpbaj7.jpg,2026-02-03 05:52:43.843,sample-1770097068455.jpg
486,550,http://192.168.100.111:4000/uploads/1770097963810-a7x7z3.png,2026-02-03 05:52:43.843,luster_map-1770097098346.png
487,550,http://192.168.100.111:4000/uploads/1770097963833-gytf9t.png,2026-02-03 05:52:43.843,roughness_proxy-1770097098346.png
488,550,http://192.168.100.111:4000/uploads/1770097963834-a4cggv.png,2026-02-03 05:52:43.843,tensile_map-1770097098346.png
489,551,http://192.168.100.111:4000/uploads/1770097963857-h1p444.jpg,2026-02-03 05:52:43.959,sample-1770097108870.jpg
490,551,http://192.168.100.111:4000/uploads/1770097963873-108x60.png,2026-02-03 05:52:43.959,luster_map-1770097138266.png
491,551,http://192.168.100.111:4000/uploads/1770097963940-gv8veo.png,2026-02-03 05:52:43.959,roughness_proxy-1770097138266.png
492,551,http://192.168.100.111:4000/uploads/1770097963941-yryffb.png,2026-02-03 05:52:43.959,tensile_map-1770097138266.png
497,553,http://192.168.100.111:4000/uploads/1770097963860-7kb7a5.jpg,2026-02-03 05:52:43.964,sample-1770097148583.jpg
498,553,http://192.168.100.111:4000/uploads/1770097963874-6lf82i.png,2026-02-03 05:52:43.964,luster_map-1770097177346.png
499,553,http://192.168.100.111:4000/uploads/1770097963943-egrx0f.png,2026-02-03 05:52:43.964,roughness_proxy-1770097177346.png
500,553,http://192.168.100.111:4000/uploads/1770097963944-45ad4m.png,2026-02-03 05:52:43.964,tensile_map-1770097177346.png
501,554,http://192.168.100.111:4000/uploads/1770097963978-f3houl.jpg,2026-02-03 05:52:44.072,sample-1770097226807.jpg
502,554,http://192.168.100.111:4000/uploads/1770097963996-9ts5rv.png,2026-02-03 05:52:44.072,luster_map-1770097255542.png
503,554,http://192.168.100.111:4000/uploads/1770097964039-ip9gms.png,2026-02-03 05:52:44.072,roughness_proxy-1770097255542.png
504,554,http://192.168.100.111:4000/uploads/1770097964039-v06v0v.png,2026-02-03 05:52:44.072,tensile_map-1770097255542.png
505,555,http://192.168.100.111:4000/uploads/1770097964010-b2vqv9.jpg,2026-02-03 05:52:44.1,sample-1770097304920.jpg
506,555,http://192.168.100.111:4000/uploads/1770097964024-2go7ob.png,2026-02-03 05:52:44.1,luster_map-1770097333731.png
507,555,http://192.168.100.111:4000/uploads/1770097964078-fqdv48.png,2026-02-03 05:52:44.1,roughness_proxy-1770097333731.png
508,555,http://192.168.100.111:4000/uploads/1770097964086-tv1688.png,2026-02-03 05:52:44.1,tensile_map-1770097333731.png
509,556,http://192.168.100.111:4000/uploads/1770097964003-0sldmo.jpg,2026-02-03 05:52:44.112,sample-1770097265876.jpg
510,556,http://192.168.100.111:4000/uploads/1770097964017-2qvvev.png,2026-02-03 05:52:44.112,luster_map-1770097294574.png
511,556,http://192.168.100.111:4000/uploads/1770097964076-nhav00.png,2026-02-03 05:52:44.112,roughness_proxy-1770097294574.png
512,556,http://192.168.100.111:4000/uploads/1770097964097-o6u6y4.png,2026-02-03 05:52:44.112,tensile_map-1770097294574.png
513,557,http://192.168.100.111:4000/uploads/1770097964109-v33yka.jpg,2026-02-03 05:52:44.163,sample-1770097344072.jpg
514,557,http://192.168.100.111:4000/uploads/1770097964114-k5rbgl.png,2026-02-03 05:52:44.163,luster_map-1770097372836.png
515,557,http://192.168.100.111:4000/uploads/1770097964134-4ximkj.png,2026-02-03 05:52:44.163,roughness_proxy-1770097372836.png
516,557,http://192.168.100.111:4000/uploads/1770097964136-g6yboz.png,2026-02-03 05:52:44.163,tensile_map-1770097372836.png
517,558,http://192.168.100.111:4000/uploads/1770097964161-lwqjn1.jpg,2026-02-03 05:52:44.26,sample-1770097422215.jpg
518,558,http://192.168.100.111:4000/uploads/1770097964167-fgsgpi.png,2026-02-03 05:52:44.26,luster_map-1770097450999.png
519,558,http://192.168.100.111:4000/uploads/1770097964218-fgq5g3.png,2026-02-03 05:52:44.26,roughness_proxy-1770097450999.png
520,558,http://192.168.100.111:4000/uploads/1770097964230-y1rzj9.png,2026-02-03 05:52:44.26,tensile_map-1770097450999.png
533,562,http://192.168.100.111:4000/uploads/1770097964284-lxa44b.jpg,2026-02-03 05:52:44.428,sample-1770097500450.jpg
534,562,http://192.168.100.111:4000/uploads/1770097964295-rxq659.png,2026-02-03 05:52:44.428,luster_map-1770097529196.png
535,562,http://192.168.100.111:4000/uploads/1770097964365-30mo1l.png,2026-02-03 05:52:44.428,roughness_proxy-1770097529196.png
536,562,http://192.168.100.111:4000/uploads/1770097964368-mykjb1.png,2026-02-03 05:52:44.428,tensile_map-1770097529196.png
553,567,http://192.168.100.111:4000/uploads/1770097964577-9q502x.jpg,2026-02-03 05:52:44.648,sample-1770097735002.jpg
554,567,http://192.168.100.111:4000/uploads/1770097964628-akrppv.png,2026-02-03 05:52:44.648,luster_map-1770097763532.png
555,567,http://192.168.100.111:4000/uploads/1770097964634-g8drqn.png,2026-02-03 05:52:44.648,roughness_proxy-1770097763532.png
556,567,http://192.168.100.111:4000/uploads/1770097964634-1rxo1k.png,2026-02-03 05:52:44.648,tensile_map-1770097763532.png
557,568,http://192.168.100.111:4000/uploads/1770097964629-k9suif.jpg,2026-02-03 05:52:44.99,sample-1770097773873.jpg
558,568,http://192.168.100.111:4000/uploads/1770097964635-vovh67.png,2026-02-03 05:52:44.99,luster_map-1770097802644.png
559,568,http://192.168.100.111:4000/uploads/1770097964660-y7l6gz.png,2026-02-03 05:52:44.99,roughness_proxy-1770097802644.png
560,568,http://192.168.100.111:4000/uploads/1770097964660-1iphdy.png,2026-02-03 05:52:44.99,tensile_map-1770097802644.png
561,569,http://192.168.100.111:4000/uploads/1770097964997-z2aayx.jpg,2026-02-03 05:52:45.134,sample-1770097852034.jpg
562,569,http://192.168.100.111:4000/uploads/1770097965009-7sg7qf.png,2026-02-03 05:52:45.134,luster_map-1770097880746.png
563,569,http://192.168.100.111:4000/uploads/1770097965069-lhocqc.png,2026-02-03 05:52:45.134,roughness_proxy-1770097880746.png
564,569,http://192.168.100.111:4000/uploads/1770097965084-q22mu8.png,2026-02-03 05:52:45.134,tensile_map-1770097880746.png
573,572,http://192.168.100.111:4000/uploads/1770097965191-klozy6.jpg,2026-02-03 05:52:45.256,sample-1770097930089.jpg
574,572,http://192.168.100.111:4000/uploads/1770097965191-kllrot.png,2026-02-03 05:52:45.256,luster_map-1770097958647.png
575,572,http://192.168.100.111:4000/uploads/1770097965218-t5d81v.png,2026-02-03 05:52:45.256,roughness_proxy-1770097958647.png
576,572,http://192.168.100.111:4000/uploads/1770097965218-6gj56p.png,2026-02-03 05:52:45.256,tensile_map-1770097958647.png
543,564,http://192.168.100.111:4000/uploads/1770097964476-nw8vkd.png,2026-02-03 05:52:44.523,roughness_proxy-1770097646487.png
544,564,http://192.168.100.111:4000/uploads/1770097964476-3qj4pl.png,2026-02-03 05:52:44.523,tensile_map-1770097646487.png
545,565,http://192.168.100.111:4000/uploads/1770097964514-5q50ua.jpg,2026-02-03 05:52:44.581,sample-1770097656816.jpg
546,565,http://192.168.100.111:4000/uploads/1770097964515-5zs48d.png,2026-02-03 05:52:44.581,luster_map-1770097685654.png
547,565,http://192.168.100.111:4000/uploads/1770097964541-dvumnj.png,2026-02-03 05:52:44.581,roughness_proxy-1770097685654.png
548,565,http://192.168.100.111:4000/uploads/1770097964543-h821bu.png,2026-02-03 05:52:44.581,tensile_map-1770097685654.png
549,566,http://192.168.100.111:4000/uploads/1770097964520-ob309r.jpg,2026-02-03 05:52:44.638,sample-1770097695972.jpg
550,566,http://192.168.100.111:4000/uploads/1770097964525-s36bik.png,2026-02-03 05:52:44.638,luster_map-1770097724680.png
551,566,http://192.168.100.111:4000/uploads/1770097964585-3qjfhn.png,2026-02-03 05:52:44.638,roughness_proxy-1770097724680.png
552,566,http://192.168.100.111:4000/uploads/1770097964588-7qpp33.png,2026-02-03 05:52:44.638,tensile_map-1770097724680.png
565,570,http://192.168.100.111:4000/uploads/1770097964983-p8hb7l.jpg,2026-02-03 05:52:45.14,sample-1770097812979.jpg
566,570,http://192.168.100.111:4000/uploads/1770097965000-8duu4c.png,2026-02-03 05:52:45.14,luster_map-1770097841705.png
567,570,http://192.168.100.111:4000/uploads/1770097965064-p7hvvk.png,2026-02-03 05:52:45.14,roughness_proxy-1770097841705.png
568,570,http://192.168.100.111:4000/uploads/1770097965066-1dggoh.png,2026-02-03 05:52:45.14,tensile_map-1770097841705.png
569,571,http://192.168.100.111:4000/uploads/1770097965062-bv7wqx.jpg,2026-02-03 05:52:45.229,sample-1770097891067.jpg
570,571,http://192.168.100.111:4000/uploads/1770097965112-oehblz.png,2026-02-03 05:52:45.229,luster_map-1770097919765.png
571,571,http://192.168.100.111:4000/uploads/1770097965121-7tb1tl.png,2026-02-03 05:52:45.229,roughness_proxy-1770097919765.png
572,571,http://192.168.100.111:4000/uploads/1770097965168-blrn0p.png,2026-02-03 05:52:45.229,tensile_map-1770097919765.png
